Workbook

Sheet Dashboard
B1: 📊 Sales Performance Dashboard — 2024
B3: Total Sales | C3: Total Profit | D3: Profit Margin | E3: Total Orders | F3: Avg Order Value
B4: =SUM(Data!$G$2:$G$1501) | C4: =SUM(Data!$H$2:$H$1501) | D4: =C4/B4 | E4: =COUNTA(Data!$A$2:$A$1501) | F4: =B4/E4
B6: Monthly Sales | E6: Sales by Category | H6: Profit by Region
B7: Month | C7: Sales | E7: Category | F7: Sales | H7: Region | I7: Profit
B8: 2024-01 | C8: =SUMIFS(Data!$G$2:$G$1501,Data!$B$2:$B$1501,">="&DATE(2024,1,1),Data!$B$2:$B$1501,"<"&DATE(2024,2,1)) | E8: Furniture | F8: =SUMIF(Data!$E$2:$E$1501,E8,Data!$G$2:$G$1501) | H8: East | I8: =SUMIF(Data!$C$2:$C$1501,H8,Data!$H$2:$H$1501)
B9: 2024-02 | C9: =SUMIFS(Data!$G$2:$G$1501,Data!$B$2:$B$1501,">="&DATE(2024,2,1),Data!$B$2:$B$1501,"<"&DATE(2024,3,1)) | E9: Office Supplies | F9: =SUMIF(Data!$E$2:$E$1501,E9,Data!$G$2:$G$1501) | H9: North | I9: =SUMIF(Data!$C$2:$C$1501,H9,Data!$H$2:$H$1501)
B10: 2024-03 | C10: =SUMIFS(Data!$G$2:$G$1501,Data!$B$2:$B$1501,">="&DATE(2024,3,1),Data!$B$2:$B$1501,"<"&DATE(2024,4,1)) | E10: Technology | F10: =SUMIF(Data!$E$2:$E$1501,E10,Data!$G$2:$G$1501) | H10: South | I10: =SUMIF(Data!$C$2:$C$1501,H10,Data!$H$2:$H$1501)
B11: 2024-04 | C11: =SUMIFS(Data!$G$2:$G$1501,Data!$B$2:$B$1501,">="&DATE(2024,4,1),Data!$B$2:$B$1501,"<"&DATE(2024,5,1)) | H11: West | I11: =SUMIF(Data!$C$2:$C$1501,H11,Data!$H$2:$H$1501)
B12: 2024-05 | C12: =SUMIFS(Data!$G$2:$G$1501,Data!$B$2:$B$1501,">="&DATE(2024,5,1),Data!$B$2:$B$1501,"<"&DATE(2024,6,1))
B13: 2024-06 | C13: =SUMIFS(Data!$G$2:$G$1501,Data!$B$2:$B$1501,">="&DATE(2024,6,1),Data!$B$2:$B$1501,"<"&DATE(2024,7,1))
B14: 2024-07 | C14: =SUMIFS(Data!$G$2:$G$1501,Data!$B$2:$B$1501,">="&DATE(2024,7,1),Data!$B$2:$B$1501,"<"&DATE(2024,8,1))
B15: 2024-08 | C15: =SUMIFS(Data!$G$2:$G$1501,Data!$B$2:$B$1501,">="&DATE(2024,8,1),Data!$B$2:$B$1501,"<"&DATE(2024,9,1))
B16: 2024-09 | C16: =SUMIFS(Data!$G$2:$G$1501,Data!$B$2:$B$1501,">="&DATE(2024,9,1),Data!$B$2:$B$1501,"<"&DATE(2024,10,1))
B18: Notes: every figure above is a live Excel formula referencing the Data sheet — edit the data and the dashboard recalculates automatically.

Sheet Data
A1: Order ID | B1: Date | C1: Region | D1: Segment | E1: Category | F1: Quantity | G1: Sales | H1: Profit
A2: ORD-00985 | B2: 45292 | C2: West | D2: Consumer | E2: Office Supplies | F2: 2 | G2: 35.88 | H2: -6.65
A3: ORD-00691 | B3: 45292 | C3: South | D3: Consumer | E3: Technology | F3: 3 | G3: 582.64 | H3: 70.92
A4: ORD-00362 | B4: 45292 | C4: East | D4: Corporate | E4: Technology | F4: 1 | G4: 160.73 | H4: 30.48
A5: ORD-00945 | B5: 45292 | C5: West | D5: Consumer | E5: Office Supplies | F5: 1 | G5: 40.98 | H5: -0.62
A6: ORD-01426 | B6: 45292 | C6: South | D6: Corporate | E6: Office Supplies | F6: 1 | G6: 7.13 | H6: -0.69
A7: ORD-01221 | B7: 45293 | C7: West | D7: Home Office | E7: Furniture | F7: 3 | G7: 196.1 | H7: 6.31
A8: ORD-00521 | B8: 45293 | C8: East | D8: Consumer | E8: Office Supplies | F8: 3 | G8: 56.64 | H8: 3.55
A9: ORD-01365 | B9: 45293 | C9: North | D9: Corporate | E9: Technology | F9: 1 | G9: 180.39 | H9: 29.57
A10: ORD-01357 | B10: 45293 | C10: West | D10: Consumer | E10: Furniture | F10: 1 | G10: 156.01 | H10: 9.65
A11: ORD-00129 | B11: 45293 | C11: North | D11: Consumer | E11: Furniture | F11: 3 | G11: 257.43 | H11: -6.32
A12: ORD-00463 | B12: 45294 | C12: West | D12: Corporate | E12: Office Supplies | F12: 1 | G12: 34.03 | H12: 5
A13: ORD-00843 | B13: 45294 | C13: West | D13: Home Office | E13: Office Supplies | F13: 4 | G13: 5.96 | H13: -0.57
... A1501: ORD-01379 | B1501: 45564 | C1501: North | D1501: Consumer | E1501: Technology | F1501: 3 | G1501: 194.06 | H1501: 27.79
